auc,average_precision,brier,accuracy,balanced_accuracy,f1,mcc,sensitivity,specificity,ppv,npv,model,imputation,fold
0.864,0.6785973084886128,0.221421870237906,0.7714285714285715,0.66,0.5,0.3835706411883073,0.4,0.92,0.6666666666666666,0.7931034482758621,Elastic-Net Logistic,1,1
0.804,0.527536231884058,0.17907289018669623,0.7714285714285715,0.66,0.5,0.3835706411883073,0.4,0.92,0.6666666666666666,0.7931034482758621,AdaBoost,1,1
0.8280000000000001,0.5642224442224443,0.17749382555484772,0.6857142857142857,0.48,0.0,-0.10846522890932808,0.0,0.96,0.0,0.7058823529411765,XGBoost,1,1
0.812,0.5371114506408624,0.17464745169850993,0.6857142857142857,0.51,0.15384615384615385,0.032274861218395144,0.1,0.92,0.3333333333333333,0.71875,Random Forest,1,1
0.6400000000000001,0.5009263362085943,0.24359418435205837,0.6285714285714286,0.62,0.48,0.21908902300206642,0.6,0.64,0.4,0.8,Logistic Regression (L2),1,1
0.7600000000000001,0.5885647195941314,0.17888822541591273,0.7428571428571429,0.55,0.18181818181818182,0.2711630722733202,0.1,1.0,1.0,0.7352941176470589,SVM (RBF),1,1
0.73125,0.5594789494131599,0.22533950406020956,0.6764705882352942,0.625,0.47619047619047616,0.243492376778837,0.5,0.75,0.45454545454545453,0.782608695652174,Elastic-Net Logistic,1,2
0.73125,0.44866140395552156,0.1884052826098723,0.6764705882352942,0.5958333333333333,0.42105263157894735,0.1979524821394902,0.4,0.7916666666666666,0.4444444444444444,0.76,AdaBoost,1,2
0.6666666666666666,0.5029347041847042,0.19580721855163574,0.6470588235294118,0.5166666666666667,0.25,0.03984095364447979,0.2,0.8333333333333334,0.3333333333333333,0.7142857142857143,XGBoost,1,2
0.6625,0.41964818987065067,0.2045652432783391,0.6470588235294118,0.5458333333333333,0.3333333333333333,0.09846579518042202,0.3,0.7916666666666666,0.375,0.7307692307692307,Random Forest,1,2
0.7208333333333333,0.6478461634983375,0.2380041888862842,0.7352941176470589,0.6958333333333333,0.5714285714285714,0.3814713902868446,0.6,0.7916666666666666,0.5454545454545454,0.8260869565217391,Logistic Regression (L2),1,2
0.5375000000000001,0.42035510642321783,0.21098814042697786,0.7058823529411765,0.5,0.0,0.0,0.0,1.0,,0.7058823529411765,SVM (RBF),1,2
0.875,0.745376559714795,0.18006248201757152,0.7647058823529411,0.8041666666666667,0.6923076923076923,0.5553298152482934,0.9,0.7083333333333334,0.5625,0.9444444444444444,Elastic-Net Logistic,1,3
0.78125,0.4969230769230769,0.16699895298902814,0.7352941176470589,0.725,0.6086956521739131,0.42192650784464586,0.7,0.75,0.5384615384615384,0.8571428571428571,AdaBoost,1,3
0.7333333333333334,0.5953356632459017,0.17280824482440948,0.7352941176470589,0.6083333333333333,0.4,0.27874925905782666,0.3,0.9166666666666666,0.6,0.7586206896551724,XGBoost,1,3
0.775,0.5683561607474651,0.17455289478389907,0.7352941176470589,0.725,0.6086956521739131,0.42192650784464586,0.7,0.75,0.5384615384615384,0.8571428571428571,Random Forest,1,3
0.8708333333333333,0.6518559218559219,0.20875802629922185,0.7647058823529411,0.775,0.6666666666666666,0.5092010548749033,0.8,0.75,0.5714285714285714,0.9,Logistic Regression (L2),1,3
0.20833333333333331,0.2071721622207538,0.21653499437735513,0.7058823529411765,0.5,0.0,0.0,0.0,1.0,,0.7058823529411765,SVM (RBF),1,3
0.9062499999999999,0.8642917267917267,0.22804045905264325,0.6470588235294118,0.7208333333333333,0.6,0.4089038773995436,0.9,0.5416666666666666,0.45,0.9285714285714286,Elastic-Net Logistic,1,4
0.71875,0.4394827586206897,0.18060944657822214,0.7058823529411765,0.5,0.0,0.0,0.0,1.0,,0.7058823529411765,AdaBoost,1,4
0.7416666666666667,0.593116883116883,0.18129874765872955,0.7352941176470589,0.5791666666666667,0.3076923076923077,0.2543527874857913,0.2,0.9583333333333334,0.6666666666666666,0.7419354838709677,XGBoost,1,4
0.6291666666666668,0.37357935279374904,0.2084176653346365,0.6176470588235294,0.5541666666666667,0.38095238095238093,0.10551336327082937,0.4,0.7083333333333334,0.36363636363636365,0.7391304347826086,Random Forest,1,4
0.6041666666666667,0.43563574905486674,0.3407595528104568,0.6176470588235294,0.6416666666666666,0.5185185185185185,0.2581988897471611,0.7,0.5833333333333334,0.4117647058823529,0.8235294117647058,Logistic Regression (L2),1,4
0.32916666666666666,0.2712398886120096,0.21395944115297114,0.7058823529411765,0.5,0.0,0.0,0.0,1.0,,0.7058823529411765,SVM (RBF),1,4
0.74375,0.5150528611694314,0.22673269560428003,0.7941176470588235,0.7083333333333333,0.5882352941176471,0.4695301415158425,0.5,0.9166666666666666,0.7142857142857143,0.8148148148148148,Elastic-Net Logistic,1,5
0.75,0.5196602119108513,0.17582131553871116,0.7058823529411765,0.5,0.0,0.0,0.0,1.0,,0.7058823529411765,AdaBoost,1,5
0.6166666666666667,0.4257839858688755,0.22469887137413025,0.5882352941176471,0.5625,0.4166666666666667,0.11572751247156894,0.5,0.625,0.35714285714285715,0.75,XGBoost,1,5
0.6041666666666666,0.3962337662337662,0.2139229590915603,0.6470588235294118,0.4875,0.14285714285714285,-0.035355339059327376,0.1,0.875,0.25,0.7,Random Forest,1,5
0.5958333333333333,0.372893186865214,0.24211806725636595,0.6470588235294118,0.5458333333333333,0.3333333333333333,0.09846579518042202,0.3,0.7916666666666666,0.375,0.7307692307692307,Logistic Regression (L2),1,5
0.5708333333333333,0.4307513849212141,0.21192363701002587,0.6764705882352942,0.5083333333333333,0.15384615384615385,0.026773977630083295,0.1,0.9166666666666666,0.3333333333333333,0.7096774193548387,SVM (RBF),1,5
0.86,0.6731860530773573,0.22162218138986686,0.7714285714285715,0.66,0.5,0.3835706411883073,0.4,0.92,0.6666666666666666,0.7931034482758621,Elastic-Net Logistic,2,1
0.804,0.527536231884058,0.17907289018669623,0.7714285714285715,0.66,0.5,0.3835706411883073,0.4,0.92,0.6666666666666666,0.7931034482758621,AdaBoost,2,1
0.8280000000000001,0.5712212349054454,0.1781120002269745,0.6857142857142857,0.48,0.0,-0.10846522890932808,0.0,0.96,0.0,0.7058823529411765,XGBoost,2,1
0.8160000000000001,0.5594208803415965,0.17172316751611402,0.7428571428571429,0.61,0.4,0.28401877872187725,0.3,0.92,0.6,0.7666666666666667,Random Forest,2,1
0.724,0.5648019854541594,0.21427722734479862,0.6857142857142857,0.63,0.47619047619047616,0.25301215685249495,0.5,0.76,0.45454545454545453,0.7916666666666666,Logistic Regression (L2),2,1
0.7600000000000001,0.5885647195941314,0.17945847158053718,0.7428571428571429,0.55,0.18181818181818182,0.2711630722733202,0.1,1.0,1.0,0.7352941176470589,SVM (RBF),2,1
0.7020833333333334,0.5389298818942782,0.22943833306067093,0.6470588235294118,0.6041666666666667,0.45454545454545453,0.19863803942616506,0.5,0.7083333333333334,0.4166666666666667,0.7727272727272727,Elastic-Net Logistic,2,2
0.7104166666666667,0.42782807062218825,0.18824820930862615,0.6764705882352942,0.5958333333333333,0.42105263157894735,0.1979524821394902,0.4,0.7916666666666666,0.4444444444444444,0.76,AdaBoost,2,2
0.6625,0.4484103889613634,0.19771893322467804,0.6470588235294118,0.5166666666666667,0.25,0.03984095364447979,0.2,0.8333333333333334,0.3333333333333333,0.7142857142857143,XGBoost,2,2
0.6625,0.4346088706615022,0.20730251541996253,0.6764705882352942,0.625,0.47619047619047616,0.243492376778837,0.5,0.75,0.45454545454545453,0.782608695652174,Random Forest,2,2
0.7208333333333333,0.6478461634983375,0.23861291897491127,0.6764705882352942,0.6541666666666667,0.5217391304347826,0.2890977924120722,0.6,0.7083333333333334,0.46153846153846156,0.8095238095238095,Logistic Regression (L2),2,2
0.5208333333333334,0.4120879311320488,0.2110391244523175,0.7058823529411765,0.5,0.0,0.0,0.0,1.0,,0.7058823529411765,SVM (RBF),2,2
0.8708333333333332,0.7370432263814616,0.17947585089255272,0.7647058823529411,0.8041666666666667,0.6923076923076923,0.5553298152482934,0.9,0.7083333333333334,0.5625,0.9444444444444444,Elastic-Net Logistic,2,3
0.78125,0.4969230769230769,0.16699895298902814,0.7352941176470589,0.725,0.6086956521739131,0.42192650784464586,0.7,0.75,0.5384615384615384,0.8571428571428571,AdaBoost,2,3
0.7291666666666666,0.5923940886227413,0.17168177664279938,0.7058823529411765,0.5583333333333333,0.2857142857142857,0.1649915822768611,0.2,0.9166666666666666,0.5,0.7333333333333333,XGBoost,2,3
0.8125,0.6569264069264069,0.17308773633437602,0.7352941176470589,0.725,0.6086956521739131,0.42192650784464586,0.7,0.75,0.5384615384615384,0.8571428571428571,Random Forest,2,3
0.875,0.6641485342143236,0.20838246450947295,0.7647058823529411,0.775,0.6666666666666666,0.5092010548749033,0.8,0.75,0.5714285714285714,0.9,Logistic Regression (L2),2,3
0.7958333333333334,0.6139186303892186,0.18964660575395334,0.7058823529411765,0.5,0.0,0.0,0.0,1.0,,0.7058823529411765,SVM (RBF),2,3
0.8729166666666668,0.8683716475095785,0.22742038326997505,0.7647058823529411,0.775,0.6666666666666666,0.5092010548749033,0.8,0.75,0.5714285714285714,0.9,Elastic-Net Logistic,2,4
0.71875,0.4394827586206897,0.18060944657822214,0.7058823529411765,0.5,0.0,0.0,0.0,1.0,,0.7058823529411765,AdaBoost,2,4
0.7499999999999999,0.6221794871794871,0.17895345389842987,0.7647058823529411,0.6,0.3333333333333333,0.3872983346207417,0.2,1.0,1.0,0.75,XGBoost,2,4
0.7333333333333334,0.5363046757164405,0.20564244057577402,0.6176470588235294,0.6416666666666666,0.5185185185185185,0.2581988897471611,0.7,0.5833333333333334,0.4117647058823529,0.8235294117647058,Random Forest,2,4
0.5916666666666668,0.43868932289648405,0.34078368560186456,0.5882352941176471,0.6208333333333333,0.5,0.2206104745506919,0.7,0.5416666666666666,0.3888888888888889,0.8125,Logistic Regression (L2),2,4
0.325,0.2649303648024858,0.2140258145858673,0.7058823529411765,0.5,0.0,0.0,0.0,1.0,,0.7058823529411765,SVM (RBF),2,4
0.7583333333333333,0.5285560762766646,0.19637315072610328,0.7647058823529411,0.7166666666666667,0.6,0.43333333333333335,0.6,0.8333333333333334,0.6,0.8333333333333334,Elastic-Net Logistic,2,5
0.75,0.5196602119108513,0.17866397893102245,0.7058823529411765,0.5,0.0,0.0,0.0,1.0,,0.7058823529411765,AdaBoost,2,5
0.6583333333333333,0.45148629964806436,0.22194969654083252,0.6176470588235294,0.6125,0.48,0.2064741604835056,0.6,0.625,0.4,0.7894736842105263,XGBoost,2,5
0.5916666666666667,0.3762847459557985,0.21507554850277397,0.6764705882352942,0.5083333333333333,0.15384615384615385,0.026773977630083295,0.1,0.9166666666666666,0.3333333333333333,0.7096774193548387,Random Forest,2,5
0.6083333333333334,0.37607093379339457,0.23407298564400558,0.6470588235294118,0.5458333333333333,0.3333333333333333,0.09846579518042202,0.3,0.7916666666666666,0.375,0.7307692307692307,Logistic Regression (L2),2,5
0.5708333333333333,0.4321853131933777,0.2115720958447205,0.6764705882352942,0.5083333333333333,0.15384615384615385,0.026773977630083295,0.1,0.9166666666666666,0.3333333333333333,0.7096774193548387,SVM (RBF),2,5
0.864,0.6821146245059287,0.22169840138125832,0.7428571428571429,0.61,0.4,0.28401877872187725,0.3,0.92,0.6,0.7666666666666667,Elastic-Net Logistic,3,1
0.804,0.527536231884058,0.1732973399209736,0.7714285714285715,0.66,0.5,0.3835706411883073,0.4,0.92,0.6666666666666666,0.7931034482758621,AdaBoost,3,1
0.8480000000000001,0.6051082251082252,0.1758216917514801,0.6857142857142857,0.48,0.0,-0.10846522890932808,0.0,0.96,0.0,0.7058823529411765,XGBoost,3,1
0.8360000000000001,0.5634776334776335,0.16972943743593702,0.7428571428571429,0.61,0.4,0.28401877872187725,0.3,0.92,0.6,0.7666666666666667,Random Forest,3,1
0.72,0.5631715506715507,0.214409738665637,0.7142857142857143,0.6799999999999999,0.5454545454545454,0.34262414443209643,0.6,0.76,0.5,0.8260869565217391,Logistic Regression (L2),3,1
0.7600000000000001,0.5885647195941314,0.1790379755166436,0.7428571428571429,0.55,0.18181818181818182,0.2711630722733202,0.1,1.0,1.0,0.7352941176470589,SVM (RBF),3,1
0.725,0.5756400616926932,0.20800029594606476,0.6470588235294118,0.6041666666666667,0.45454545454545453,0.19863803942616506,0.5,0.7083333333333334,0.4166666666666667,0.7727272727272727,Elastic-Net Logistic,3,2
0.71875,0.4438994991936168,0.19257164922011463,0.6764705882352942,0.5958333333333333,0.42105263157894735,0.1979524821394902,0.4,0.7916666666666666,0.4444444444444444,0.76,AdaBoost,3,2
0.6625,0.5031002331002331,0.19776582717895508,0.7058823529411765,0.5875,0.375,0.2091650066335189,0.3,0.875,0.5,0.75,XGBoost,3,2
0.6666666666666666,0.4368964523608486,0.20709551500821655,0.6176470588235294,0.525,0.3157894736842105,0.051639777949432225,0.3,0.75,0.3333333333333333,0.72,Random Forest,3,2
0.7208333333333333,0.6478461634983375,0.23845261070296817,0.6764705882352942,0.6541666666666667,0.5217391304347826,0.2890977924120722,0.6,0.7083333333333334,0.46153846153846156,0.8095238095238095,Logistic Regression (L2),3,2
0.5333333333333333,0.41798593563299447,0.21104593528884547,0.7058823529411765,0.5,0.0,0.0,0.0,1.0,,0.7058823529411765,SVM (RBF),3,2
0.8770833333333333,0.7504761904761905,0.22337599006918496,0.7941176470588235,0.825,0.72,0.5964809080634605,0.9,0.75,0.6,0.9473684210526315,Elastic-Net Logistic,3,3
0.78125,0.4969230769230769,0.16699895298902814,0.7352941176470589,0.725,0.6086956521739131,0.42192650784464586,0.7,0.75,0.5384615384615384,0.8571428571428571,AdaBoost,3,3
0.7500000000000001,0.6045872193773243,0.19349946081638336,0.6764705882352942,0.7125,0.5925925925925926,0.38729833462074165,0.8,0.625,0.47058823529411764,0.8823529411764706,XGBoost,3,3
0.7583333333333333,0.5273015873015873,0.17848299820101388,0.7352941176470589,0.725,0.6086956521739131,0.42192650784464586,0.7,0.75,0.5384615384615384,0.8571428571428571,Random Forest,3,3
0.8666666666666667,0.6435225885225886,0.2098653944700802,0.7647058823529411,0.775,0.6666666666666666,0.5092010548749033,0.8,0.75,0.5714285714285714,0.9,Logistic Regression (L2),3,3
0.21666666666666667,0.20856322387889326,0.21643604251728799,0.7058823529411765,0.5,0.0,0.0,0.0,1.0,,0.7058823529411765,SVM (RBF),3,3
0.8729166666666668,0.8683716475095785,0.2261687596793231,0.7647058823529411,0.775,0.6666666666666666,0.5092010548749033,0.8,0.75,0.5714285714285714,0.9,Elastic-Net Logistic,3,4
0.71875,0.4394827586206897,0.18060944657822214,0.7058823529411765,0.5,0.0,0.0,0.0,1.0,,0.7058823529411765,AdaBoost,3,4
0.7583333333333333,0.6404184704184703,0.1787968873977661,0.7647058823529411,0.6,0.3333333333333333,0.3872983346207417,0.2,1.0,1.0,0.75,XGBoost,3,4
0.6333333333333333,0.3757691184596811,0.2062721001104759,0.6176470588235294,0.5541666666666667,0.38095238095238093,0.10551336327082937,0.4,0.7083333333333334,0.36363636363636365,0.7391304347826086,Random Forest,3,4
0.5791666666666667,0.4158611853832442,0.37626605703906313,0.5588235294117647,0.5708333333333333,0.4444444444444444,0.12909944487358055,0.6,0.5416666666666666,0.35294117647058826,0.7647058823529411,Logistic Regression (L2),3,4
0.3208333333333333,0.2637209492180702,0.2140981706941838,0.7058823529411765,0.5,0.0,0.0,0.0,1.0,,0.7058823529411765,SVM (RBF),3,4
0.7583333333333333,0.5285560762766646,0.196372892858949,0.7647058823529411,0.7166666666666667,0.6,0.43333333333333335,0.6,0.8333333333333334,0.6,0.8333333333333334,Elastic-Net Logistic,3,5
0.75,0.5196602119108513,0.17866397893102245,0.7058823529411765,0.5,0.0,0.0,0.0,1.0,,0.7058823529411765,AdaBoost,3,5
0.6375000000000001,0.4222059966177613,0.22498352825641632,0.5882352941176471,0.5625,0.4166666666666667,0.11572751247156894,0.5,0.625,0.35714285714285715,0.75,XGBoost,3,5
0.5958333333333333,0.39113416377935434,0.21409683498917748,0.6470588235294118,0.5166666666666667,0.25,0.03984095364447979,0.2,0.8333333333333334,0.3333333333333333,0.7142857142857143,Random Forest,3,5
0.6125,0.3808328385552993,0.2336461025137384,0.6470588235294118,0.5458333333333333,0.3333333333333333,0.09846579518042202,0.3,0.7916666666666666,0.375,0.7307692307692307,Logistic Regression (L2),3,5
0.5666666666666667,0.43163402229578696,0.21019458636254407,0.6764705882352942,0.5083333333333333,0.15384615384615385,0.026773977630083295,0.1,0.9166666666666666,0.3333333333333333,0.7096774193548387,SVM (RBF),3,5
0.864,0.6821146245059287,0.22167495677200202,0.7714285714285715,0.66,0.5,0.3835706411883073,0.4,0.92,0.6666666666666666,0.7931034482758621,Elastic-Net Logistic,4,1
0.804,0.527536231884058,0.1732973399209736,0.7714285714285715,0.66,0.5,0.3835706411883073,0.4,0.92,0.6666666666666666,0.7931034482758621,AdaBoost,4,1
0.8160000000000001,0.562703081232493,0.17848306894302368,0.6857142857142857,0.48,0.0,-0.10846522890932808,0.0,0.96,0.0,0.7058823529411765,XGBoost,4,1
0.8240000000000001,0.5489663552821448,0.16925642961169043,0.7428571428571429,0.61,0.4,0.28401877872187725,0.3,0.92,0.6,0.7666666666666667,Random Forest,4,1
0.648,0.5050992063492064,0.24359422700706393,0.6285714285714286,0.62,0.48,0.21908902300206642,0.6,0.64,0.4,0.8,Logistic Regression (L2),4,1
0.7680000000000001,0.6013394448688566,0.1779739558815894,0.7428571428571429,0.55,0.18181818181818182,0.2711630722733202,0.1,1.0,1.0,0.7352941176470589,SVM (RBF),4,1
0.73125,0.5628855428197533,0.22642066213837184,0.6764705882352942,0.625,0.47619047619047616,0.243492376778837,0.5,0.75,0.45454545454545453,0.782608695652174,Elastic-Net Logistic,4,2
0.73125,0.44866140395552156,0.18437082376887992,0.6764705882352942,0.5958333333333333,0.42105263157894735,0.1979524821394902,0.4,0.7916666666666666,0.4444444444444444,0.76,AdaBoost,4,2
0.675,0.5155319499341239,0.19224369525909424,0.7058823529411765,0.5583333333333333,0.2857142857142857,0.1649915822768611,0.2,0.9166666666666666,0.5,0.7333333333333333,XGBoost,4,2
0.675,0.436563904874601,0.19856653745123842,0.7058823529411765,0.6166666666666667,0.4444444444444444,0.25064020591380154,0.4,0.8333333333333334,0.5,0.7692307692307693,Random Forest,4,2
0.7208333333333333,0.6478461634983375,0.2382558357770101,0.7058823529411765,0.675,0.5454545454545454,0.3337119062359573,0.6,0.75,0.5,0.8181818181818182,Logistic Regression (L2),4,2
0.5125,0.40866231488034555,0.21110552363633542,0.7058823529411765,0.5,0.0,0.0,0.0,1.0,,0.7058823529411765,SVM (RBF),4,2
0.8729166666666667,0.7401388888888889,0.22449974124553612,0.7647058823529411,0.8041666666666667,0.6923076923076923,0.5553298152482934,0.9,0.7083333333333334,0.5625,0.9444444444444444,Elastic-Net Logistic,4,3
0.78125,0.4969230769230769,0.16699895298902814,0.7352941176470589,0.725,0.6086956521739131,0.42192650784464586,0.7,0.75,0.5384615384615384,0.8571428571428571,AdaBoost,4,3
0.7375,0.5971143193723839,0.1730693280696869,0.7352941176470589,0.6083333333333333,0.4,0.27874925905782666,0.3,0.9166666666666666,0.6,0.7586206896551724,XGBoost,4,3
0.775,0.5885647685647685,0.176991416490498,0.7058823529411765,0.675,0.5454545454545454,0.3337119062359573,0.6,0.75,0.5,0.8181818181818182,Random Forest,4,3
0.8541666666666667,0.6248717948717949,0.21072108041528725,0.8235294117647058,0.8458333333333333,0.75,0.6403589023426814,0.9,0.7916666666666666,0.6428571428571429,0.95,Logistic Regression (L2),4,3
0.20833333333333334,0.20759821477702456,0.21638712183981246,0.7058823529411765,0.5,0.0,0.0,0.0,1.0,,0.7058823529411765,SVM (RBF),4,3
0.9062499999999999,0.8642917267917267,0.227303427889493,0.6470588235294118,0.7208333333333333,0.6,0.4089038773995436,0.9,0.5416666666666666,0.45,0.9285714285714286,Elastic-Net Logistic,4,4
0.71875,0.4394827586206897,0.18156730949360694,0.7058823529411765,0.5,0.0,0.0,0.0,1.0,,0.7058823529411765,AdaBoost,4,4
0.7458333333333333,0.6059726576105886,0.18091174960136414,0.7352941176470589,0.5791666666666667,0.3076923076923077,0.2543527874857913,0.2,0.9583333333333334,0.6666666666666666,0.7419354838709677,XGBoost,4,4
0.6916666666666667,0.4611816116460079,0.20226463387044233,0.6470588235294118,0.6333333333333333,0.5,0.24688535993934707,0.6,0.6666666666666666,0.42857142857142855,0.8,Random Forest,4,4
0.6041666666666667,0.4451314616755793,0.3402969801535464,0.5882352941176471,0.6208333333333333,0.5,0.2206104745506919,0.7,0.5416666666666666,0.3888888888888889,0.8125,Logistic Regression (L2),4,4
0.3208333333333333,0.2637209492180702,0.21405681791418663,0.7058823529411765,0.5,0.0,0.0,0.0,1.0,,0.7058823529411765,SVM (RBF),4,4
0.7583333333333333,0.5285560762766646,0.196369191474696,0.7647058823529411,0.7166666666666667,0.6,0.43333333333333335,0.6,0.8333333333333334,0.6,0.8333333333333334,Elastic-Net Logistic,4,5
0.75,0.5196602119108513,0.17866397893102245,0.7058823529411765,0.5,0.0,0.0,0.0,1.0,,0.7058823529411765,AdaBoost,4,5
0.6458333333333334,0.4319032511176474,0.22128796577453613,0.6176470588235294,0.6125,0.48,0.2064741604835056,0.6,0.625,0.4,0.7894736842105263,XGBoost,4,5
0.6125,0.38856782922959393,0.21264380075073624,0.6764705882352942,0.5083333333333333,0.15384615384615385,0.026773977630083295,0.1,0.9166666666666666,0.3333333333333333,0.7096774193548387,Random Forest,4,5
0.6125,0.37845188617434694,0.23447863659198523,0.6176470588235294,0.525,0.3157894736842105,0.051639777949432225,0.3,0.75,0.3333333333333333,0.72,Logistic Regression (L2),4,5
0.5625,0.4240470339329365,0.21467453486261978,0.6764705882352942,0.5083333333333333,0.15384615384615385,0.026773977630083295,0.1,0.9166666666666666,0.3333333333333333,0.7096774193548387,SVM (RBF),4,5
0.864,0.6821146245059287,0.2210545124954722,0.7428571428571429,0.61,0.4,0.28401877872187725,0.3,0.92,0.6,0.7666666666666667,Elastic-Net Logistic,5,1
0.804,0.527536231884058,0.1732973399209736,0.7714285714285715,0.66,0.5,0.3835706411883073,0.4,0.92,0.6666666666666666,0.7931034482758621,AdaBoost,5,1
0.84,0.5783982683982684,0.1773599237203598,0.6857142857142857,0.48,0.0,-0.10846522890932808,0.0,0.96,0.0,0.7058823529411765,XGBoost,5,1
0.8160000000000001,0.543953823953824,0.17013976784750817,0.7428571428571429,0.61,0.4,0.28401877872187725,0.3,0.92,0.6,0.7666666666666667,Random Forest,5,1
0.724,0.5640118868060044,0.21444786880805328,0.6857142857142857,0.63,0.47619047619047616,0.25301215685249495,0.5,0.76,0.45454545454545453,0.7916666666666666,Logistic Regression (L2),5,1
0.7600000000000001,0.5885647195941314,0.17916839356788916,0.7428571428571429,0.55,0.18181818181818182,0.2711630722733202,0.1,1.0,1.0,0.7352941176470589,SVM (RBF),5,1
0.7145833333333333,0.5477912900939217,0.22868489383138832,0.6764705882352942,0.625,0.47619047619047616,0.243492376778837,0.5,0.75,0.45454545454545453,0.782608695652174,Elastic-Net Logistic,5,2
0.7145833333333333,0.42782807062218825,0.19287666466334197,0.6764705882352942,0.5958333333333333,0.42105263157894735,0.1979524821394902,0.4,0.7916666666666666,0.4444444444444444,0.76,AdaBoost,5,2
0.6583333333333333,0.4472609636740071,0.19771349430084229,0.6470588235294118,0.5166666666666667,0.25,0.03984095364447979,0.2,0.8333333333333334,0.3333333333333333,0.7142857142857143,XGBoost,5,2
0.6583333333333333,0.41713655219553586,0.20495695387345267,0.6470588235294118,0.5458333333333333,0.3333333333333333,0.09846579518042202,0.3,0.7916666666666666,0.375,0.7307692307692307,Random Forest,5,2
0.7208333333333333,0.6478461634983375,0.2385512133306318,0.6764705882352942,0.6541666666666667,0.5217391304347826,0.2890977924120722,0.6,0.7083333333333334,0.46153846153846156,0.8095238095238095,Logistic Regression (L2),5,2
0.5166666666666666,0.4100457140898317,0.2110950842056759,0.7058823529411765,0.5,0.0,0.0,0.0,1.0,,0.7058823529411765,SVM (RBF),5,2
0.8729166666666667,0.7480952380952381,0.22303033754824358,0.7941176470588235,0.825,0.72,0.5964809080634605,0.9,0.75,0.6,0.9473684210526315,Elastic-Net Logistic,5,3
0.78125,0.4969230769230769,0.16699895298902814,0.7352941176470589,0.725,0.6086956521739131,0.42192650784464586,0.7,0.75,0.5384615384615384,0.8571428571428571,AdaBoost,5,3
0.7375,0.6103356632459016,0.17413489520549774,0.7352941176470589,0.6083333333333333,0.4,0.27874925905782666,0.3,0.9166666666666666,0.6,0.7586206896551724,XGBoost,5,3
0.775,0.5871578421578422,0.1775096751337688,0.7352941176470589,0.725,0.6086956521739131,0.42192650784464586,0.7,0.75,0.5384615384615384,0.8571428571428571,Random Forest,5,3
0.8666666666666667,0.6435225885225886,0.20909916683761848,0.7647058823529411,0.775,0.6666666666666666,0.5092010548749033,0.8,0.75,0.5714285714285714,0.9,Logistic Regression (L2),5,3
0.20833333333333331,0.20712328636542632,0.21647817175108128,0.7058823529411765,0.5,0.0,0.0,0.0,1.0,,0.7058823529411765,SVM (RBF),5,3
0.9062499999999999,0.8642917267917267,0.22757673832552824,0.6470588235294118,0.7208333333333333,0.6,0.4089038773995436,0.9,0.5416666666666666,0.45,0.9285714285714286,Elastic-Net Logistic,5,4
0.71875,0.4394827586206897,0.18060944657822214,0.7058823529411765,0.5,0.0,0.0,0.0,1.0,,0.7058823529411765,AdaBoost,5,4
0.7333333333333333,0.5651176792556103,0.18247221410274506,0.7058823529411765,0.5291666666666667,0.16666666666666666,0.11296201426438299,0.1,0.9583333333333334,0.5,0.71875,XGBoost,5,4
0.65,0.3844972239089886,0.21017299494330388,0.5882352941176471,0.5041666666666667,0.3,0.008333333333333333,0.3,0.7083333333333334,0.3,0.7083333333333334,Random Forest,5,4
0.5833333333333333,0.4001869507771211,0.3725088179751746,0.5588235294117647,0.6,0.4827586206896552,0.1835325870964494,0.7,0.5,0.3684210526315789,0.8,Logistic Regression (L2),5,4
0.32499999999999996,0.26457322194534294,0.21402035420285623,0.7058823529411765,0.5,0.0,0.0,0.0,1.0,,0.7058823529411765,SVM (RBF),5,4
0.7354166666666666,0.5145761002282742,0.22709581868494905,0.7941176470588235,0.7083333333333333,0.5882352941176471,0.4695301415158425,0.5,0.9166666666666666,0.7142857142857143,0.8148148148148148,Elastic-Net Logistic,5,5
0.75,0.5196602119108513,0.17866397893102245,0.7058823529411765,0.5,0.0,0.0,0.0,1.0,,0.7058823529411765,AdaBoost,5,5
0.625,0.4213347763347764,0.2251671403646469,0.5882352941176471,0.5625,0.4166666666666667,0.11572751247156894,0.5,0.625,0.35714285714285715,0.75,XGBoost,5,5
0.6041666666666666,0.3932562466772993,0.21330109929292382,0.6470588235294118,0.4875,0.14285714285714285,-0.035355339059327376,0.1,0.875,0.25,0.7,Random Forest,5,5
0.6083333333333334,0.3785447632003359,0.23258940004428058,0.6470588235294118,0.5458333333333333,0.3333333333333333,0.09846579518042202,0.3,0.7916666666666666,0.375,0.7307692307692307,Logistic Regression (L2),5,5
0.5708333333333333,0.43264208681191596,0.21038703195465586,0.7058823529411765,0.5291666666666667,0.16666666666666666,0.11296201426438299,0.1,0.9583333333333334,0.5,0.71875,SVM (RBF),5,5
